{
    "accuracy": 0.7991360691144709,
    "precision": 0.5,
    "recall": 0.11827956989247312,
    "f1score": 0.19130434782608696
}