{
    "accuracy": 0.7408207343412527,
    "precision": 0.42011834319526625,
    "recall": 0.7634408602150538,
    "f1score": 0.5419847328244275
}